John,Doe,john.doe@example.com,JohnDoe12345$,JohnDoe12345$,
Alice,Smith,alice.smith@example.com,AliceSmith12345$,AliceSmith12345$,
Michael,Johnson,michael.j@example.com,Michaeljohnson12345$,Michaeljohnson12345$,
Sarah,Brown,sarah.brown@example.com,SarahBrown12345$,SarahBrown12345$,
David,Wilson,david.w@example.com,Davidwilson12345$,Davidwilson12345$,
Emily,Taylor,emily.t@example.com,EmilyTaylor12345$,EmilyTaylor12345$,
Olivia,Martinez,olivia.m@example.com,OliviaMartinez12345$,OliviaMartinez12345$,
Ethan,Anderson,ethan.a@example.com,EthanAnderson12345$,EthanAnderson12345$,
Eva,Thomas,eva.t@example.com,EvaThomas12345$,EvaThomas12345$,
Benjamin,Lee,benjamin.l@example.com,BenjaminLee12345$,BenjaminLee12345$,